                  epoch,         train/box_loss,         train/cls_loss,         train/dfl_loss,   metrics/precision(B),      metrics/recall(B),       metrics/mAP50(B),    metrics/mAP50-95(B),           val/box_loss,           val/cls_loss,           val/dfl_loss,                 lr/pg0,                 lr/pg1,                 lr/pg2
                      1,                 1.8031,                 3.5419,                 1.0723,                0.75467,                0.09716,                0.10383,                0.05994,                 1.5981,                 2.5757,                 1.0764,             7.5216e-05,             7.5216e-05,             7.5216e-05
                      2,                 1.4469,                 1.4486,                0.96675,                0.64304,                0.12345,                0.11723,                0.06596,                 1.5862,                 2.1929,                 1.0791,             0.00012101,             0.00012101,             0.00012101
                      3,                 1.3285,                 1.1694,                0.94608,                  0.601,                0.15114,                0.12059,                0.06654,                 1.5716,                 2.0676,                 1.0904,             0.00013684,             0.00013684,             0.00013684
                      4,                 1.2817,                 1.0698,                 0.9345,                0.47189,                0.12863,                0.12579,                0.06689,                 1.5661,                 1.9313,                 1.0908,             9.2162e-05,             9.2162e-05,             9.2162e-05
                      5,                 1.2103,                0.99976,                0.92206,                0.43662,                0.13327,                0.12232,                0.06731,                 1.5657,                 1.9367,                 1.0911,             4.7216e-05,             4.7216e-05,             4.7216e-05
